{"kappa": 1.0, "eta": 0.1318797118832385, "theta": 0.1, "rho": 0.0, "v0": 2.942153292266565e-15}