{"kappa": 0.5036229171392832, "eta": 0.06019028366975756, "theta": 0.1, "rho": 0.0, "v0": 0.5232862836528391}